4,1226,1.091385,42.250000,9.980475,0,0,0.000000,0.000000,0.000000,0.000000,
0,0,0.000000,0.000000,0.000000,1,16,1349361243.369771,0.000000,0.000000,0.000000,
0,0,0.000000,0.000000,0.000000,2,32,1349361509.469756,157.045619,0.000000,0.000000,
3,1704,264.088831,0.000000,16013.403796,3,48,1349361344.400618,264.086925,0.000000,16013.167441,
3,1704,264.088742,0.000000,2715.702699,3,48,1349361009.273320,264.095913,0.000000,2705.408148,
2,1136,168.004519,0.000000,0.000000,2,32,1349361558.469355,168.062824,0.000000,0.000000,
249,29682,0.141602,3330.556443,416.250009,249,9036,1349360808.569104,0.146094,28.414380,416.250331,
0,0,0.000000,0.000000,0.000000,1,16,1349361667.515318,0.000000,0.000000,0.000000,
2,1136,179.060045,0.000000,0.000000,2,32,1349361537.469581,179.062505,0.000000,0.000000,
3,1704,264.085423,0.000000,7924.819544,3,48,1349361180.342533,264.083490,0.000000,7924.578734,
3,1704,241.098545,0.000000,12553.259757,3,48,1349361373.401382,241.098453,0.000000,12553.276666,
3,1704,208.061334,0.000000,10718.586064,3,48,1349361452.453949,208.061289,0.000000,10718.604503,
2,1136,160.045018,0.000000,0.000000,2,32,1349361583.488403,160.043778,0.000000,0.000000,
253,29501,0.156984,2996.120452,353.575265,253,9162,1349360808.569037,0.157684,28.325985,353.575859,
6,1866,0.102318,0.000000,0.058053,3,1639,1349361630.694166,0.783685,3350.222222,0.105914,
10,8548,0.101485,12951.760000,4125.862151,5,3417,1349361423.899948,1.581438,68848.640000,7820.644898,
2,1984,0.099601,0.000000,0.000000,1,501,1349361424.003645,0.000000,0.000000,0.000000,
5,4973,0.103862,24334.240000,0.101494,3,1970,1349361426.175796,0.923461,12214.222222,0.209855,
0,0,0.000000,0.000000,0.000000,2,32,1349361550.469667,145.056548,0.000000,0.000000,
0,0,0.000000,0.000000,0.000000,1,16,1349361495.454070,0.000000,0.000000,0.000000,
4,4006,0.100757,35532.250000,903.825185,2,1195,1349361631.564983,63.950724,9506.250000,0.000000,
4,5169,0.000005,36396.187500,0.000000,1,815,1349361682.195545,0.000000,0.000000,0.000000,
28,34268,0.000006,166009.479592,7889.699104,2,378,1349361160.987003,470.335149,1.000000,0.000000,
61,70022,0.000026,122648.187046,0.056021,9,3592,1349361155.603483,0.137064,6.320988,0.324369,
2,2344,0.100382,0.000000,0.000000,1,179,1349361631.255889,0.000000,0.000000,0.000000,
3,1589,0.099525,997.555556,0.000278,2,909,1349361426.201414,0.088646,2862.250000,0.000000,
2,378,0.100128,0.000000,0.000000,1,407,1349361687.671254,0.000000,0.000000,0.000000,
2,1364,0.101604,0.000000,0.000000,1,451,1349361695.514390,0.000000,0.000000,0.000000,
10,11913,0.000007,203150.810000,0.000000,1,387,1349361748.841594,0.000000,0.000000,0.000000,
4,3524,0.105037,2401.000000,892.390184,2,971,1349361631.926150,63.571968,3422.250000,0.000000,
16,14642,0.100100,151745.734375,624.794352,7,4183,1349361562.168719,3.497992,13137.959184,1180.545221,
48,57992,0.000007,101466.638889,0.000000,1,486,1349361629.186392,0.000000,0.000000,0.000000,
4,5169,0.000007,36396.187500,0.000000,1,451,1349361424.274758,0.000000,0.000000,0.000000,
3,1358,0.100773,5134.222222,0.001194,2,787,1349361425.182179,0.031951,12.250000,0.000000,
4,4732,0.100864,128804.500000,0.896668,2,818,1349361155.895709,2.056691,169.000000,0.000000,
28,25285,0.009514,219097.748724,0.068574,10,3846,1349361160.441019,0.346053,1478.040000,0.128707,
3,1704,264.084122,0.000000,15634.935796,3,48,1349361339.401331,264.086574,0.000000,15635.803957,
1,568,0.000000,0.000000,0.000000,1,16,1349361687.525447,0.000000,0.000000,0.000000,
3,1704,264.104105,0.000000,90.651430,3,48,1349360858.241366,264.097068,0.000000,90.575646,
3,1704,264.028462,0.000000,8189.742023,3,48,1349361184.342504,264.084144,0.000000,8193.947810,
2,1136,257.188558,0.000000,0.000000,2,32,1349361375.400765,257.114761,0.000000,0.000000,
1,568,0.000000,0.000000,0.000000,1,16,1349361732.531280,0.000000,0.000000,0.000000,
4,2272,73.047676,0.000000,10664.153113,4,64,1349361155.319876,73.050454,0.000000,10664.221310,
3,1704,264.102527,0.000000,10824.993423,3,48,1349361248.369384,264.102976,0.000000,10825.066972,
4,2272,161.062929,0.000000,10617.404378,4,64,1349360998.273505,161.057169,0.000000,10617.557865,
2,1136,163.072623,0.000000,0.000000,2,32,1349361571.488419,163.042954,0.000000,0.000000,
0,0,0.000000,0.000000,0.000000,1,16,1349361661.515043,0.000000,0.000000,0.000000,
3,1704,264.091305,0.000000,4358.155497,3,48,1349361101.304569,264.083552,0.000000,4357.175656,
0,0,0.000000,0.000000,0.000000,1,16,1349361400.417059,0.000000,0.000000,0.000000,
3,1284,264.100045,39200.000000,7145.669576,3,48,1349361162.333297,264.099482,0.000000,7145.530796,
3,1704,174.044585,0.000000,7059.471815,4,64,1349360948.257810,174.047480,0.000000,11441.523172,
0,0,0.000000,0.000000,0.000000,1,16,1349361076.289006,0.000000,0.000000,0.000000,
3,1704,154.071402,0.000000,1723.607033,3,48,1349361419.427801,154.061540,0.000000,1723.737336,
0,0,0.000000,0.000000,0.000000,1,16,1349361020.272527,0.000000,0.000000,0.000000,
4,2272,126.053868,0.000000,10461.095777,4,64,1349361073.288789,126.053979,0.000000,10460.863817,
0,0,0.000000,0.000000,0.000000,1,16,1349361402.416954,0.000000,0.000000,0.000000,
6,3408,98.009983,0.000000,5203.302333,6,96,1349361080.289027,98.024758,0.000000,5202.945348,
4,2272,264.091440,0.000000,5040.401562,4,64,1349360924.257882,264.096193,0.000000,5040.607831,
4,2272,171.049614,0.000000,5002.498421,5,80,1349361170.342765,171.056133,0.000000,9388.635935,
0,0,0.000000,0.000000,0.000000,1,16,1349361609.487999,0.000000,0.000000,0.000000,
2,1136,179.061608,0.000000,0.000000,2,32,1349361533.469231,179.062109,0.000000,0.000000,
34,27846,0.000012,331276.705882,103.090774,9,3976,1349361631.117315,0.232587,44709.950617,345.075037,
2,1136,414.158344,0.000000,0.000000,3,48,1349361038.288955,264.111109,0.000000,3252.257109,
43,31438,0.100425,238402.195782,162.611073,9,6866,1349361490.881103,60.000238,255080.098765,839.008897,
36,30780,0.092781,235505.666667,0.019603,1,122,1349361025.469050,0.000000,0.000000,0.000000,
0,0,0.000000,0.000000,0.000000,3,48,1349360965.273184,289.096461,0.000000,20606.052152,
0,0,0.000000,0.000000,0.000000,1,16,1349361657.515042,0.000000,0.000000,0.000000,
3,1704,264.070265,0.000000,8559.738416,3,48,1349361194.342677,264.084464,0.000000,8560.128211,
4,2272,159.073306,0.000000,11785.670760,3,48,1349361019.272577,264.095455,0.000000,2757.600309,
4,2272,161.068892,0.000000,8260.759658,4,64,1349361004.273367,161.068621,0.000000,8260.764230,
1,568,0.000000,0.000000,0.000000,1,16,1349361741.531970,0.000000,0.000000,0.000000,
0,0,0.000000,0.000000,0.000000,1,16,1349361327.401419,0.000000,0.000000,0.000000,
3,1704,264.083908,0.000000,4226.190176,3,48,1349361093.304722,264.083391,0.000000,4226.159224,
1,568,0.000000,0.000000,0.000000,1,16,1349361749.546901,0.000000,0.000000,0.000000,
30,36251,0.000027,97296.965556,0.000000,1,400,1349361155.673149,0.000000,0.000000,0.000000,
4,3668,0.101436,18225.000000,15605.025697,2,896,1349361423.919345,265.198408,13689.000000,0.000000,
2,1136,0.006433,0.000000,0.000000,2,32,1349361585.487682,159.044380,0.000000,0.000000,
2,1136,0.000023,0.000000,0.000000,2,32,1349361491.453574,195.072253,0.000000,0.000000,
0,0,0.000000,0.000000,0.000000,1,16,1349361317.385466,0.000000,0.000000,0.000000,
3,1704,264.086396,0.000000,12440.091585,3,48,1349361286.385729,264.086648,0.000000,12440.151603,
2,1136,0.000018,0.000000,0.000000,1,16,1349361773.564866,0.000000,0.000000,0.000000,
3,1704,264.095273,0.000000,2705.358420,3,48,1349361008.273421,264.095300,0.000000,2705.372656,
5,2840,112.003915,0.000000,2473.911700,5,80,1349361395.416413,112.052825,0.000000,2472.432709,
2,1086,0.100036,0.000000,0.000000,1,408,1349361691.823305,0.000000,0.000000,0.000000,
0,0,0.000000,0.000000,0.000000,1,16,1349360995.272957,0.000000,0.000000,0.000000,
0,0,0.000000,0.000000,0.000000,1,16,1349361519.469538,0.000000,0.000000,0.000000,
2,1136,152.985812,0.000000,0.000000,3,48,1349361033.288803,264.110420,0.000000,3083.373055,
2,455,0.588822,90.250000,0.000000,2,2144,1349361302.927071,0.547287,2025.000000,0.000000,
3,1962,0.154984,113664.666667,0.000085,3,1303,1349361303.080712,0.147711,1880.222222,0.000002,
1,568,0.000000,0.000000,0.000000,3,48,1349361191.342820,253.113726,0.000000,993.997691,
3,1704,264.078594,0.000000,13822.350296,3,48,1349361309.384807,264.086912,0.000000,13814.509256,
4,2462,0.101770,40200.250000,0.000407,2,1635,1349361154.539274,0.176356,240.250000,0.000000,
4,1790,0.102494,110.250000,0.071752,2,868,1349361691.836862,0.767184,841.000000,0.000000,
131,155782,0.000007,137601.961541,47.887939,10,8682,1349361624.775727,0.283285,2603.760000,612.201953,
4,1926,0.104899,8190.250000,0.148549,2,1119,1349361695.513954,1.023181,13340.250000,0.000000,
1,738,0.000000,0.000000,0.000000,1,392,1349361425.302202,0.000000,0.000000,0.000000,
0,0,0.000000,0.000000,0.000000,1,16,1349361036.288963,0.000000,0.000000,0.000000,
2,920,0.099818,0.000000,0.000000,1,537,1349361418.847761,0.000000,0.000000,0.000000,
2,1136,4.018635,0.000000,0.000000,3,48,1349361516.469639,259.095220,0.000000,16266.199935,
2,1136,209.069879,0.000000,0.000000,2,32,1349361449.453849,209.061760,0.000000,0.000000,
1,497,0.000000,0.000000,0.000000,1,394,1349361685.088472,0.000000,0.000000,0.000000,
5,3291,0.094232,251356.960000,0.875897,2,884,1349361423.987636,2.186751,4356.000000,0.000000,
2,934,0.097390,0.000000,0.000000,1,403,1349361418.016166,0.000000,0.000000,0.000000,
6,3132,0.097887,137093.000000,11627.727432,3,1482,1349361418.016603,271.075002,12744.666667,17544.925320,
3,1810,0.086736,189334.888889,0.001880,2,1044,1349361424.459387,0.029627,576.000000,0.000000,
2,1136,158.057482,0.000000,0.000000,2,32,1349361588.487986,158.059009,0.000000,0.000000,
2,1636,0.100476,0.000000,0.000000,1,867,1349361700.044265,0.000000,0.000000,0.000000,
2,484,0.102739,0.000000,0.000000,1,366,1349361695.412468,0.000000,0.000000,0.000000,
2,1374,0.100823,0.000000,0.000000,1,346,1349361303.632823,0.000000,0.000000,0.000000,
4,2976,0.100657,175816.000000,0.123190,2,1118,1349361691.938313,0.843725,961.000000,0.000000,
2,668,0.095853,0.000000,0.000000,1,423,1349361695.514603,0.000000,0.000000,0.000000,
12,14354,0.000007,142536.305556,0.000001,1,409,1349361303.926390,0.000000,0.000000,0.000000,
231,277325,0.000007,177137.443114,13.909240,22,12638,1349361303.663225,0.084228,9082.338843,145.234499,
1008,1248297,0.000006,127399.287477,3.229988,66,26859,1349361305.008873,0.029542,615.891873,49.209679,
194,213234,0.000012,175438.494633,28.147136,53,26128,1349361625.165121,0.100008,3590.056248,102.274128,
6,4284,0.106002,37464.666667,3.049109,3,1534,1349361689.872660,4.674383,4056.222222,3.937732,
8,5812,0.103849,21820.750000,0.054975,4,2281,1349361693.456052,0.720938,17253.687500,0.025239,
6,306,0.086235,0.000000,0.009230,3,1469,1349361163.931495,0.376682,6.222222,0.033038,
2,340,0.106577,0.000000,0.000000,1,449,1349361688.444315,0.000000,0.000000,0.000000,
3,2401,0.161412,9706.888889,0.001071,2,1219,1349361630.828485,0.157539,650.250000,0.000000,
2,1136,155.063266,0.000000,0.000000,3,48,1349361600.488031,144.063389,0.000000,4426.505431,
2,1136,215.077984,0.000000,0.000000,2,32,1349361437.438658,215.076807,0.000000,0.000000,
1,568,0.000000,0.000000,0.000000,1,16,1349361720.531265,0.000000,0.000000,0.000000,
2,1136,4.003836,0.000000,0.000000,3,48,1349361471.453226,197.061642,0.000000,9318.141491,
0,0,0.000000,0.000000,0.000000,2,32,1349361200.342110,1.000632,0.000000,0.000000,
2,1136,176.064608,0.000000,0.000000,2,32,1349361545.469115,176.062969,0.000000,0.000000,
4,2272,19.001504,0.000000,14463.159304,3,48,1349361332.401186,264.086642,0.000000,15016.829998,
2,2048,0.000011,190096.000000,0.000000,1,458,1349361699.543760,0.000000,0.000000,0.000000,
4,4008,0.101699,51076.000000,0.017701,1,409,1349361156.013799,0.000000,0.000000,0.000000,
2,1120,0.100118,0.000000,0.000000,1,393,1349361691.662774,0.000000,0.000000,0.000000,
2,729,1.166309,6162.250000,0.000000,2,806,1349361688.071759,1.177574,9.000000,0.000000,
0,0,0.000000,0.000000,0.000000,1,16,1349361354.401350,0.000000,0.000000,0.000000,
368,77133,0.100241,243883.750761,0.001392,1,430,1349361749.556803,0.000000,0.000000,0.000000,
3,4182,0.000016,8712.000000,0.000000,1,426,1349361749.041580,0.000000,0.000000,0.000000,
54,69976,0.000007,84126.052126,0.121270,3,1295,1349361748.450524,2.756743,2.888889,1.895980,
6,5563,0.003553,229941.138889,0.814712,3,2586,1349361160.293209,2.279415,21532.666667,0.357069,
1,565,0.000000,0.000000,0.000000,1,595,1349361426.565389,0.000000,0.000000,0.000000,
4,2190,0.100594,2652.250000,0.039811,2,922,1349361686.925283,0.622571,441.000000,0.000000,
2,1690,0.000015,378225.000000,0.000000,1,196,1349361219.388690,0.000000,0.000000,0.000000,
29,35536,0.000006,138752.304400,0.000578,1,193,1349361219.752058,0.000000,0.000000,0.000000,
2,2364,0.100403,0.000000,0.000000,1,199,1349361219.159743,0.000000,0.000000,0.000000,
2,1438,0.100845,0.000000,0.000000,1,407,1349361684.224845,0.000000,0.000000,0.000000,
2,1780,0.099753,0.000000,0.000000,1,401,1349361685.137317,0.000000,0.000000,0.000000,
2,228,0.093067,0.000000,0.000000,1,410,1349361687.472951,0.000000,0.000000,0.000000,
0,0,0.000000,0.000000,0.000000,1,382,1349361638.861674,0.000000,0.000000,0.000000,
1,272,0.000000,0.000000,0.000000,1,371,1349361695.252308,0.000000,0.000000,0.000000,
2,1136,178.083704,0.000000,0.000000,2,32,1349361542.469371,178.062009,0.000000,0.000000,
1,152,0.000000,0.000000,0.000000,1,399,1349361040.464937,0.000000,0.000000,0.000000,
3,3383,0.000011,57504.222222,0.000000,1,392,1349361160.404135,0.000000,0.000000,0.000000,
6,2075,16.888082,6936.805556,15359.664125,6,4204,1349361160.448703,16.875760,64050.888889,15359.567215,
2,1526,0.100052,0.000000,0.000000,1,420,1349361214.715908,0.000000,0.000000,0.000000,
0,0,0.000000,0.000000,0.000000,1,16,1349361292.385412,0.000000,0.000000,0.000000,
10,10364,0.000006,191631.240000,0.007175,3,1907,1349361417.589132,0.242778,365766.888889,0.014728,
2,1422,0.086557,441.000000,0.000000,2,865,1349361423.987410,0.090054,1332.250000,0.000000,
28,34256,0.100244,229.673469,1.028994,15,18134,1349361684.537351,0.598737,125262.728889,1.681410,
8,4656,0.100833,784.000000,5.427263,4,2432,1349361683.679860,2.583252,1681.000000,7.593242,
1,520,0.000000,0.000000,0.000000,1,378,1349361695.497383,0.000000,0.000000,0.000000,
1,152,0.000000,0.000000,0.000000,1,398,1349361094.631648,0.000000,0.000000,0.000000,
0,0,0.000000,0.000000,0.000000,2,96,1349360808.627925,6.161588,0.000000,0.000000,
1,48,0.000000,0.000000,0.000000,1,48,1349360822.837646,0.000000,0.000000,0.000000,
1,568,0.000000,0.000000,0.000000,1,16,1349361766.557069,0.000000,0.000000,0.000000,
3,1704,262.043332,0.000000,8740.954585,3,48,1349361367.401158,262.114097,0.000000,8751.424171,
1,568,0.000000,0.000000,0.000000,2,32,1349361500.463414,193.062874,0.000000,0.000000,
3,1704,264.116318,0.000000,2865.087490,3,48,1349361024.272573,264.111336,0.000000,2864.441350,
3,1704,264.110159,0.000000,3425.783922,3,48,1349361049.289142,264.111716,0.000000,3425.672341,
4,2272,2.990292,0.000000,3934.043472,4,64,1349361624.497860,3.001415,0.000000,3933.614642,
3,1704,165.045208,0.000000,6724.844209,3,48,1349361561.454091,165.059105,0.000000,6727.357033,
2,1136,179.060708,0.000000,0.000000,2,32,1349361532.469656,179.061870,0.000000,0.000000,
1,335,0.000000,0.000000,0.000000,1,449,1349361302.231203,0.000000,0.000000,0.000000,
2,304,149.118056,0.000000,0.000000,2,896,1349361357.103072,149.148074,1.000000,0.000000,
2,1707,0.000013,367842.250000,0.000000,1,1441,1349361223.763865,0.000000,0.000000,0.000000,
2,1136,215.079499,0.000000,0.000000,2,32,1349361438.437683,215.077598,0.000000,0.000000,
0,0,0.000000,0.000000,0.000000,1,16,1349361622.472762,0.000000,0.000000,0.000000,
1,568,0.000000,0.000000,0.000000,1,16,1349361713.531259,0.000000,0.000000,0.000000,
3,1704,264.196854,0.000000,1265.002062,3,48,1349360920.257706,264.096268,0.000000,1261.996877,
2,1136,117.048742,0.000000,0.000000,2,32,1349361654.515091,117.049754,0.000000,0.000000,
0,0,0.000000,0.000000,0.000000,2,32,1349361769.556913,1.008216,0.000000,0.000000,
0,0,0.000000,0.000000,0.000000,1,16,1349361137.304167,0.000000,0.000000,0.000000,
3,1704,336.128940,0.000000,28077.725780,5,80,1349361203.342230,99.045342,0.000000,9295.017252,
2,1136,224.063368,0.000000,0.000000,2,32,1349361421.427951,224.087131,0.000000,0.000000,
5,2840,96.020018,0.000000,9403.030612,5,80,1349360986.273412,93.015114,0.000000,9264.109561,
0,0,0.000000,0.000000,0.000000,1,16,1349361396.416879,0.000000,0.000000,0.000000,
11,9556,0.062695,294873.107438,0.018033,5,3146,1349361746.006135,0.266682,14917.760000,0.006078,
5,5627,0.252475,170162.240000,0.466858,5,4156,1349361745.449187,0.245469,334663.360000,0.492784,
17,15579,0.069594,264250.359862,0.156117,10,7538,1349361620.962219,0.219427,161258.960000,0.230168,
2,1136,162.985854,0.000000,0.000000,3,48,1349361293.385176,280.103220,0.000000,3425.774419,
1,568,0.000000,0.000000,0.000000,1,16,1349361759.552578,0.000000,0.000000,0.000000,
1,568,0.000000,0.000000,0.000000,0,0,0.000000,0.000000,0.000000,0.000000,
3,1704,264.087925,0.000000,13580.930870,3,48,1349361306.384801,264.087238,0.000000,13580.494988,
3,1704,264.094984,0.000000,11456.703691,3,48,1349361261.369694,264.103216,0.000000,11458.410975,
3,1704,264.096290,0.000000,2810.369955,3,48,1349361021.272671,264.094703,0.000000,2810.293930,
2,1136,163.051816,0.000000,0.000000,2,32,1349361574.487999,163.043512,0.000000,0.000000,
20,8558,0.100410,5.490000,274.038684,11,4645,1349361625.008936,0.961076,5591.107438,490.739958,
2,1224,0.098398,0.000000,0.000000,1,810,1349361690.447773,0.000000,0.000000,0.000000,
4,2908,0.100541,0.000000,3.199204,2,1468,1349361626.389742,3.996302,100.000000,0.000000,
3,1704,264.075773,0.000000,12215.216269,3,48,1349361282.385106,264.086500,0.000000,12217.994624,
3,1704,83.052377,0.000000,1724.423469,3,48,1349361185.342283,264.083961,0.000000,8193.911013,
3,1704,0.003793,0.000000,0.000004,2,32,1349361518.469564,185.062302,0.000000,0.000000,
2,1136,163.045916,0.000000,0.000000,2,32,1349361576.488045,163.043334,0.000000,0.000000,
4,2272,91.058024,0.000000,7512.660326,4,64,1349361209.358125,91.045482,0.000000,7512.704799,
2,1136,103.067880,0.000000,0.000000,2,32,1349361676.515388,103.066763,0.000000,0.000000,
5,2840,31.027516,0.000000,6104.426139,6,96,1349361351.401372,31.010790,0.000000,5064.570365,
3,1704,230.402093,0.000000,11086.868366,3,48,1349361386.416982,230.097599,0.000000,11035.233249,
4,2164,0.103266,289.000000,0.063279,2,784,1349361695.497698,0.735813,144.000000,0.000000,
4,2272,124.008321,0.000000,1101.805630,4,64,1349361230.369970,124.031810,0.000000,1101.604857,
2,1136,160.078812,0.000000,0.000000,3,48,1349361011.273098,264.096242,0.000000,2705.426080,
3,1704,183.065199,0.000000,6405.146889,3,48,1349361459.454157,183.062044,0.000000,6405.028930,
3,1704,264.093310,0.000000,3845.295732,3,48,1349361072.288330,264.095051,0.000000,3845.558412,
3,1704,264.098019,0.000000,6483.869883,3,48,1349361138.304376,264.099031,0.000000,6482.932130,
3,1704,264.099834,0.000000,6807.379629,3,48,1349361150.320012,264.100095,0.000000,6810.415661,
3,1704,57.044170,0.000000,785.183611,4,64,1349361245.369725,57.015147,0.000000,12805.054917,
3,1704,264.096493,0.000000,2757.729442,3,48,1349361018.273238,264.096083,0.000000,2757.658540,
3,1704,264.097852,0.000000,7230.213815,3,48,1349361166.341823,264.099403,0.000000,7231.044764,
59,57537,0.002553,209630.534904,1120.539078,30,32237,1349361424.546573,0.112936,154693.445556,2197.602325,
68,69880,0.100676,39403.228374,647.681960,57,62679,1349361425.518565,0.129426,188322.092336,772.021984,
18,13564,0.101102,23948.024691,3704.656021,13,13671,1349361425.216623,0.587803,183927.621302,5104.882644,
46,55754,0.000007,75564.085066,0.002873,3,749,1349361159.422788,0.357764,186.888889,0.028376,
2,1136,183.110199,0.000000,0.000000,2,32,1349361521.469681,183.061665,0.000000,0.000000,
2,1506,0.098695,0.000000,0.000000,1,401,1349361688.436794,0.000000,0.000000,0.000000,
0,0,0.000000,0.000000,0.000000,1,16,1349361727.531240,0.000000,0.000000,0.000000,
3,1704,264.086137,0.000000,13817.228335,3,48,1349361311.384879,264.087566,0.000000,13814.674785,
1,568,0.000000,0.000000,0.000000,2,32,1349361217.360446,533.172272,0.000000,0.000000,
4,2272,106.037484,0.000000,1735.642806,4,64,1349361249.369525,106.033485,0.000000,1736.059499,
3,1704,264.085831,0.000000,8376.022596,3,48,1349361189.342557,264.084089,0.000000,8375.996215,
3,1704,264.099771,0.000000,7146.312301,3,48,1349361161.330546,264.099447,0.000000,7145.317006,
1,568,0.000000,0.000000,0.000000,2,32,1349361582.488124,160.043946,0.000000,0.000000,
0,0,0.000000,0.000000,0.000000,1,16,1349361578.487709,0.000000,0.000000,0.000000,
2,1136,159.046785,0.000000,0.000000,2,32,1349361586.487584,159.059442,0.000000,0.000000,
1,568,0.000000,0.000000,0.000000,2,32,1349361541.469434,178.061927,0.000000,0.000000,
2,1136,124.044898,0.000000,0.000000,2,32,1349361643.515349,124.041763,0.000000,0.000000,
1,568,0.000000,0.000000,0.000000,1,16,1349361735.531286,0.000000,0.000000,0.000000,
1,568,0.000000,0.000000,0.000000,2,32,1349361633.514683,132.042481,0.000000,0.000000,
2,1136,165.037159,0.000000,0.000000,2,32,1349361566.487662,165.043772,0.000000,0.000000,
0,0,0.000000,0.000000,0.000000,1,16,1349361549.468874,0.000000,0.000000,0.000000,
2,1136,142.062104,0.000000,0.000000,2,32,1349361620.487907,142.064104,0.000000,0.000000,
3,1704,264.112424,0.000000,2259.562248,3,48,1349360968.272903,264.112721,0.000000,2260.115965,
2,1136,157.045481,0.000000,0.000000,2,32,1349361594.487713,157.045269,0.000000,0.000000,
6,3408,196.053867,0.000000,14605.587107,4,64,1349360913.256998,264.096552,0.000000,1029.277650,
6,3408,53.143662,0.000000,6521.458884,4,64,1349361429.437596,75.070615,0.000000,5492.338782,
0,0,0.000000,0.000000,0.000000,4,64,1349361634.514715,1.999929,0.000000,1550.213785,
3,1704,264.093724,0.000000,2704.847565,3,48,1349361013.273568,264.096233,0.000000,2705.418056,
4,592,118.049158,0.000000,9465.818230,4,64,1349361053.289468,118.052353,0.000000,9465.621948,
0,0,0.000000,0.000000,0.000000,1,16,1349361343.401481,0.000000,0.000000,0.000000,
0,0,0.000000,0.000000,0.000000,1,16,1349361443.437566,0.000000,0.000000,0.000000,
2,1136,196.074711,0.000000,0.000000,2,32,1349361486.454087,196.071135,0.000000,0.000000,
3,1704,264.115963,0.000000,3544.206774,3,48,1349361059.289134,264.112058,0.000000,3543.765317,
0,0,0.000000,0.000000,0.000000,1,16,1349360967.272795,0.000000,0.000000,0.000000,
0,0,0.000000,0.000000,0.000000,1,16,1349360956.257760,0.000000,0.000000,0.000000,
3,1704,264.100436,0.000000,2706.212065,3,48,1349361010.273260,264.095544,0.000000,2705.348524,
0,0,0.000000,0.000000,0.000000,1,16,1349361448.454208,0.000000,0.000000,0.000000,
4,2272,67.031531,0.000000,12489.712064,4,64,1349361213.358307,67.027291,0.000000,12489.294684,
4,2272,143.063176,0.000000,8682.153483,4,64,1349361063.288961,143.069646,0.000000,8680.884459,
3,1704,264.090043,0.000000,9907.729835,4,64,1349361034.289083,184.072073,0.000000,6688.823754,
2,1208,0.097154,0.000000,0.000000,1,395,1349361691.361378,0.000000,0.000000,0.000000,
6,7941,0.000011,79866.583333,0.000021,2,611,1349361221.014976,0.010084,0.250000,0.000000,
7,8333,0.000011,198335.387755,2.183124,2,905,1349361691.363202,3.889819,110.250000,0.000000,
16,19106,0.000012,75272.109375,0.000110,2,388,1349361160.056655,0.038890,121.000000,0.000000,
17,19540,0.000012,163561.301038,0.000000,2,1084,1349361622.164891,0.000910,16.000000,0.000000,
21,13927,0.011673,158027.868481,354.066072,12,5322,1349361566.013218,0.012720,2746.250000,565.113129,
2,1136,105.225171,0.000000,0.000000,2,32,1349361673.515074,105.067435,0.000000,0.000000,
1,568,0.000000,0.000000,0.000000,1,16,1349361706.531234,0.000000,0.000000,0.000000,
2,1136,163.077347,0.000000,0.000000,2,32,1349361575.488096,163.043296,0.000000,0.000000,
3,1704,264.084031,0.000000,12439.464951,3,48,1349361287.385674,264.085157,0.000000,12439.809764,
3,1704,264.110286,0.000000,3543.649035,3,48,1349361058.289015,264.110917,0.000000,3543.678215,
2,1136,215.076772,0.000000,0.000000,2,32,1349361439.438283,215.076910,0.000000,0.000000,
0,0,0.000000,0.000000,0.000000,2,32,1349361526.469299,205.062007,0.000000,0.000000,
34,39172,0.010810,47838.574394,3840.714751,6,84,1349360844.226314,0.089604,4.000000,16228.777019,
1,568,0.000000,0.000000,0.000000,3,48,1349361028.288238,264.111705,0.000000,2919.097009,
3,444,264.086507,0.000000,15635.700597,3,48,1349361340.400659,264.087042,0.000000,15635.783506,
2,1136,117.049165,0.000000,0.000000,2,32,1349361656.515445,117.049520,0.000000,0.000000,
2,558,0.099723,0.000000,0.000000,1,601,1349361687.234451,0.000000,0.000000,0.000000,
2,1204,0.099947,0.000000,0.000000,1,466,1349361158.087381,0.000000,0.000000,0.000000,
4,2018,0.103897,156.250000,0.021788,2,874,1349361687.675647,0.519533,841.000000,0.000000,
13,4888,0.101187,0.000000,393.885822,9,8541,1349361625.294359,1.621407,251809.111111,511.783225,
73,77885,0.000006,209840.267217,0.003948,7,2473,1349361305.678114,0.040577,103342.775510,0.036456,
14,11783,0.000083,198527.086735,900.636419,4,3485,1349361304.893445,6.037633,117123.187500,2696.794312,
76,80351,0.000008,258019.292763,3853.077003,9,4248,1349361158.271043,0.336059,158252.666667,32017.448271,
17,20559,0.000006,134528.110727,0.000001,1,329,1349361223.972433,0.000000,0.000000,0.000000,
57,61799,0.000007,239895.173284,2730.410306,10,2731,1349361304.474759,0.023768,47862.690000,15352.155351,
87,93814,0.000007,292360.310213,0.001048,1,393,1349361748.616911,0.000000,0.000000,0.000000,
11,8402,0.000059,336946.512397,0.011593,3,681,1349361304.059287,0.445717,21844.666667,0.047805,
34,42513,0.000007,90188.589100,0.398693,2,654,1349361220.456876,3.686805,81.000000,0.000000,
18,16754,0.101856,21540.839506,2458.093146,9,5127,1349361417.991173,4.589401,3678.000000,4589.415980,
2,902,0.098858,0.000000,0.000000,1,470,1349361160.952402,0.000000,0.000000,0.000000,
10,4947,0.100672,135389.410000,21230.556740,6,2553,1349361161.411170,0.685527,52277.583333,34300.258598,
3,1704,188.048540,0.000000,8194.397968,4,64,1349360915.257395,188.047119,0.000000,11628.882832,
0,0,0.000000,0.000000,0.000000,1,16,1349361030.288644,0.000000,0.000000,0.000000,
1,568,0.000000,0.000000,0.000000,2,32,1349361435.438066,216.077558,0.000000,0.000000,
2,1136,389.147410,0.000000,0.000000,5,80,1349360988.273478,223.081021,0.000000,9426.409760,
3,1704,169.041592,0.000000,7143.763677,3,48,1349360969.272514,264.112580,0.000000,2260.081066,
3,1704,264.097771,0.000000,2258.727273,3,48,1349360972.272996,264.112127,0.000000,2260.071851,
4,2272,50.030743,0.000000,12945.421212,4,64,1349361255.370237,50.014876,0.000000,12913.279855,
2,571,56.208454,4290.250000,0.000000,2,1131,1349361631.460624,56.209015,3540.250000,0.000000,
2,908,0.240071,19600.000000,0.000000,2,1065,1349361630.592622,0.240237,930.250000,0.000000,
38,46067,0.000008,81762.047784,0.002353,2,1159,1349361748.017123,0.428555,11556.250000,0.000000,
2,618,0.101104,0.000000,0.000000,1,385,1349361694.939781,0.000000,0.000000,0.000000,
3,1704,264.110257,0.000000,3252.343734,3,48,1349361039.288948,264.111314,0.000000,3252.285404,
0,0,0.000000,0.000000,0.000000,1,16,1349361392.417106,0.000000,0.000000,0.000000,
1,568,0.000000,0.000000,0.000000,1,16,1349361761.552200,0.000000,0.000000,0.000000,
1,722,0.000000,0.000000,0.000000,1,422,1349361697.210577,0.000000,0.000000,0.000000,
2,342,0.100842,0.000000,0.000000,1,431,1349361687.679424,0.000000,0.000000,0.000000,
0,0,0.000000,0.000000,0.000000,1,16,1349361353.401390,0.000000,0.000000,0.000000,
3,1704,264.091953,0.000000,8560.954837,3,48,1349361196.342269,264.084499,0.000000,8560.103439,
3,1704,264.099729,0.000000,3723.212080,3,48,1349361066.288946,264.097116,0.000000,3722.728263,
3,1704,263.953857,0.000000,3300.346374,4,64,1349361046.288316,149.054557,0.000000,3333.528608,
3,1704,264.099909,0.000000,6645.135095,3,48,1349361143.304795,264.099694,0.000000,6645.041262,
2,1136,328.106827,0.000000,0.000000,3,48,1349361223.365054,264.084076,0.000000,10006.336882,
1,568,0.000000,0.000000,0.000000,0,0,0.000000,0.000000,0.000000,0.000000,
0,0,0.000000,0.000000,0.000000,1,16,1349360963.257259,0.000000,0.000000,0.000000,
0,0,0.000000,0.000000,0.000000,1,16,1349361023.273507,0.000000,0.000000,0.000000,
0,0,0.000000,0.000000,0.000000,3,48,1349360993.273091,395.143317,0.000000,38837.199583,
6,2642,0.100392,165345.888889,0.007866,3,739,1349361160.587399,0.358967,31050.888889,0.013034,
2,1136,152.069439,0.000000,0.000000,2,32,1349361608.487894,152.064409,0.000000,0.000000,
0,0,0.000000,0.000000,0.000000,1,16,1349361125.304523,0.000000,0.000000,0.000000,
3,1704,264.097246,0.000000,2354.731722,3,48,1349360980.272634,264.095832,0.000000,2354.576012,
2,1136,179.064996,0.000000,0.000000,2,32,1349361534.469699,179.061648,0.000000,0.000000,
4,2272,129.032006,0.000000,1768.419689,4,64,1349361278.384998,129.033978,0.000000,1768.315489,
4,2272,67.024665,0.000000,12271.638397,4,64,1349361208.357633,67.027482,0.000000,12271.897481,
4,2272,67.401176,0.000000,7398.152410,4,64,1349361431.437684,67.016073,0.000000,7440.605986,
0,0,0.000000,0.000000,0.000000,1,16,1349361124.304573,0.000000,0.000000,0.000000,
3,1704,517.019379,0.000000,33636.700068,4,64,1349361043.288562,253.077591,0.000000,2638.300052,
3,1704,264.112704,0.000000,1408.722258,3,48,1349360932.257291,264.112676,0.000000,1408.712102,
2,1136,2.000355,0.000000,0.000000,4,64,1349360974.273479,167.031784,0.000000,11707.029961,
3,1704,264.057601,0.000000,3903.834240,3,48,1349361077.288901,264.092069,0.000000,3907.479279,
1,568,0.000000,0.000000,0.000000,1,16,1349361694.525940,0.000000,0.000000,0.000000,
5,2840,115.045516,0.000000,10310.898077,5,80,1349361298.385108,115.042900,0.000000,10313.896924,
3,1704,264.105443,0.000000,11567.055081,3,48,1349361264.369756,264.102419,0.000000,11565.591612,
0,0,0.000000,0.000000,0.000000,1,16,1349361430.437739,0.000000,0.000000,0.000000,
4,2272,20.990332,0.000000,6226.353919,4,64,1349361472.454751,20.999809,0.000000,6225.321518,
2,1136,137.137103,0.000000,0.000000,3,48,1349361081.289031,264.092208,0.000000,4033.519645,
3,1704,264.107490,0.000000,4163.912015,3,48,1349361089.304260,264.103853,0.000000,4164.001201,
3,1704,264.080560,0.000000,10613.060023,3,48,1349361244.370152,264.102578,0.000000,10618.020934,
0,0,0.000000,0.000000,0.000000,1,16,1349361599.487833,0.000000,0.000000,0.000000,
4,2272,37.014578,0.000000,11559.876498,4,64,1349361206.358508,37.015114,0.000000,11559.872987,
6,3408,79.032863,0.000000,8085.440611,6,96,1349361281.385586,79.035697,0.000000,8085.163605,
2,1136,191.744092,0.000000,0.000000,3,48,1349360925.257800,264.096428,0.000000,1297.781564,
10,5680,29.999954,0.000000,3654.961458,10,160,1349360859.242187,29.999755,0.000000,3654.957059,
2,1136,196.047215,0.000000,0.000000,2,32,1349361485.453576,196.047198,0.000000,0.000000,
3,1704,193.042563,0.000000,4970.661867,3,48,1349361503.453255,193.072282,0.000000,4973.838676,
3,1704,166.955334,0.000000,4679.694813,3,48,1349361481.453379,167.045187,0.000000,4694.210120,
2,1136,181.104108,0.000000,0.000000,2,32,1349361527.469338,181.062719,0.000000,0.000000,
2,1136,245.101945,0.000000,0.000000,2,32,1349361393.416681,245.098731,0.000000,0.000000,
4,2272,62.944083,0.000000,10940.696975,4,64,1349361176.342191,63.042958,0.000000,10941.517509,
0,0,0.000000,0.000000,0.000000,1,16,1349361015.273081,0.000000,0.000000,0.000000,
2,1136,328.049338,0.000000,0.000000,3,48,1349361222.364333,264.083950,0.000000,10006.247638,
4,2272,18.999219,0.000000,14463.645543,3,48,1349361329.401284,264.087537,0.000000,15017.042491,
2,1136,221.076670,0.000000,0.000000,2,32,1349361426.437537,221.077770,0.000000,0.000000,
4,2272,154.052093,0.000000,11733.323035,3,48,1349361031.289077,264.111568,0.000000,3028.205370,
1,568,0.000000,0.000000,0.000000,2,32,1349361547.469861,175.061520,0.000000,0.000000,
0,0,0.000000,0.000000,0.000000,1,16,1349361705.531943,0.000000,0.000000,0.000000,
0,0,0.000000,0.000000,0.000000,1,16,1349361762.551909,0.000000,0.000000,0.000000,
0,0,0.000000,0.000000,0.000000,1,16,1349360931.257128,0.000000,0.000000,0.000000,
0,0,0.000000,0.000000,0.000000,1,16,1349361462.453582,0.000000,0.000000,0.000000,
3,1704,264.100495,0.000000,7061.525774,3,48,1349361159.330585,264.099295,0.000000,7061.002489,
2,1136,202.064253,0.000000,0.000000,2,32,1349361467.453146,202.062345,0.000000,0.000000,
2,1136,221.077943,0.000000,0.000000,2,32,1349361427.437671,221.078064,0.000000,0.000000,
40,32612,0.066685,250747.210000,174.060665,4,2394,1349361284.924210,59.991644,220514.750000,513.565808,
3,370,119.976562,133.555556,898.626018,5,3320,1349361034.381377,60.011282,190649.600000,675.016483,
0,0,0.000000,0.000000,0.000000,1,16,1349361336.401046,0.000000,0.000000,0.000000,
2,1136,113.033067,0.000000,0.000000,3,48,1349361121.304243,264.083799,0.000000,5701.604770,
1,568,0.000000,0.000000,0.000000,1,16,1349361719.531238,0.000000,0.000000,0.000000,
2,1136,209.141618,0.000000,0.000000,2,32,1349361450.453286,209.062059,0.000000,0.000000,
3,1704,264.060863,0.000000,6641.900283,3,48,1349361146.320225,264.099916,0.000000,6646.326107,
0,0,0.000000,0.000000,0.000000,1,16,1349361570.487638,0.000000,0.000000,0.000000,
0,0,0.000000,0.000000,0.000000,1,16,1349361646.515151,0.000000,0.000000,0.000000,
2,1136,208.134235,0.000000,0.000000,2,32,1349361455.453779,208.061667,0.000000,0.000000,
5,2840,159.995536,0.000000,2969.227263,5,80,1349360994.273507,160.065979,0.000000,2972.633415,
3,1704,264.072990,0.000000,16.421994,3,48,1349360845.243465,264.096319,0.000000,16.140792,
1,568,0.000000,0.000000,0.000000,4,64,1349361671.515093,2.000248,0.000000,2292.591468,
1,568,0.000000,0.000000,0.000000,1,16,1349361740.531968,0.000000,0.000000,0.000000,
1,568,0.000000,0.000000,0.000000,1,16,1349361168.342229,0.000000,0.000000,0.000000,
5,2840,86.044991,0.000000,9191.401740,5,80,1349361226.370015,86.044920,0.000000,9191.155747,
1,909,0.000000,0.000000,0.000000,1,429,1349361426.199989,0.000000,0.000000,0.000000,
0,0,0.000000,0.000000,0.000000,1,16,1349361114.304669,0.000000,0.000000,0.000000,
2,1136,196.050668,0.000000,0.000000,2,32,1349361484.454083,196.061292,0.000000,0.000000,
4,2272,135.060785,0.000000,1179.485435,4,64,1349361088.304488,135.060658,0.000000,1179.366240,
5,2840,192.045889,0.000000,12621.252141,5,80,1349360926.257645,192.046385,0.000000,12621.242171,
0,0,0.000000,0.000000,0.000000,3,48,1349360936.257551,7.000363,0.000000,2.250734,
2,1136,179.039005,0.000000,0.000000,4,64,1349361060.289170,179.062328,0.000000,36376.179534,
3,1704,264.313482,0.000000,2668.775082,3,48,1349361002.273205,264.119270,0.000000,2656.061896,
1,568,0.000000,0.000000,0.000000,1,16,1349361744.531963,0.000000,0.000000,0.000000,
3,1704,264.104168,0.000000,13236.045536,3,48,1349361300.385087,264.086674,0.000000,13233.062270,
3,1704,85.115274,0.000000,1299.528271,3,48,1349361683.509964,85.073622,0.000000,1298.093629,
3,1704,350.159151,0.000000,10925.464206,5,80,1349361061.289059,141.069110,0.000000,8762.217232,
3,1704,264.111772,0.000000,6324.199077,3,48,1349361134.304119,264.083272,0.000000,6321.625189,
2,1136,25.995691,0.000000,0.000000,2,32,1349361725.531280,26.001620,0.000000,0.000000,
2,1136,424.164304,0.000000,0.000000,3,48,1349361012.273267,264.096257,0.000000,2705.434922,
1,568,0.000000,0.000000,0.000000,1,16,1349361752.542448,0.000000,0.000000,0.000000,
2,1136,134.015989,0.000000,0.000000,3,48,1349361098.304811,264.084512,0.000000,4226.277996,
5,2840,132.105780,0.000000,2307.628927,5,80,1349361057.288191,132.058972,0.000000,2305.441161,
7,3976,15.020470,0.000000,8992.836633,7,112,1349361042.289164,15.015419,0.000000,8993.452657,
2,728,0.103237,0.000000,0.000000,1,419,1349361689.142102,0.000000,0.000000,0.000000,
4,2272,140.068722,0.000000,11549.317462,4,64,1349361070.288194,140.070282,0.000000,11549.098390,
2,1136,152.064006,0.000000,0.000000,2,32,1349361607.487882,152.064702,0.000000,0.000000,
2,1136,180.146862,0.000000,0.000000,2,32,1349361530.469213,180.062823,0.000000,0.000000,
0,0,0.000000,0.000000,0.000000,1,16,1349361178.342214,0.000000,0.000000,0.000000,
7,3976,81.066391,0.000000,5269.974621,4,64,1349361092.304785,134.065330,0.000000,1736.749727,
1,568,0.000000,0.000000,0.000000,4,64,1349361326.401430,80.087647,0.000000,24155.868668,
1,568,0.000000,0.000000,0.000000,1,16,1349361714.532042,0.000000,0.000000,0.000000,
2,1136,90.005447,0.000000,0.000000,4,64,1349361005.272808,169.069813,0.000000,5064.401715,
5,2840,157.055175,0.000000,9031.269727,5,80,1349361025.288962,157.053511,0.000000,9031.129901,
1,568,0.000000,0.000000,0.000000,2,32,1349361460.453991,206.061483,0.000000,0.000000,
2,1136,410.215500,0.000000,0.000000,3,48,1349361055.288713,264.111023,0.000000,3484.357672,
0,0,0.000000,0.000000,0.000000,1,16,1349361065.289033,0.000000,0.000000,0.000000,
3,1704,264.080149,0.000000,13463.286857,3,48,1349361304.385097,264.086981,0.000000,13464.229387,
4,2272,188.048021,0.000000,11455.421854,4,64,1349360937.257457,188.047159,0.000000,11456.156493,
0,0,0.000000,0.000000,0.000000,1,16,1349361265.385337,0.000000,0.000000,0.000000,
3,1704,264.085347,0.000000,8560.229064,3,48,1349361195.342778,264.084155,0.000000,8560.097483,
3,1704,139.042905,0.000000,3782.238387,3,48,1349361598.488239,139.043171,0.000000,3784.226312,
2,1136,161.046818,0.000000,0.000000,2,32,1349361580.487521,161.044548,0.000000,0.000000,
2,1136,274.056236,0.000000,0.000000,3,48,1349361350.401205,264.097057,0.000000,16141.369409,
2,1136,222.099733,0.000000,0.000000,2,32,1349361424.413276,222.101979,0.000000,0.000000,
1,568,0.000000,0.000000,0.000000,3,48,1349361205.358331,264.084297,0.000000,9221.510925,
2,1136,193.107752,0.000000,0.000000,2,32,1349361504.453512,193.072183,0.000000,0.000000,
3,1704,264.066165,0.000000,15022.010075,3,48,1349361330.401076,264.087110,0.000000,15016.891645,
2,1136,18.998622,0.000000,0.000000,4,64,1349360934.257446,170.046822,0.000000,10193.818081,
3,1704,264.087273,0.000000,2704.527613,3,48,1349361014.273109,264.095066,0.000000,2705.323822,
2,1136,195.070475,0.000000,0.000000,2,32,1349361493.453302,195.072976,0.000000,0.000000,
3,1704,197.058473,0.000000,9317.682078,3,48,1349361473.454112,197.062184,0.000000,9318.307727,
1,568,0.000000,0.000000,0.000000,2,32,1349361579.487455,161.044605,0.000000,0.000000,
4,2272,154.046247,0.000000,509.050926,4,64,1349360996.273184,154.042367,0.000000,509.117981,
5,2840,88.069260,0.000000,11359.027171,4,64,1349361167.341821,88.027359,0.000000,11593.893558,
0,0,0.000000,0.000000,0.000000,1,16,1349360917.257638,0.000000,0.000000,0.000000,
2,1136,134.038080,0.000000,0.000000,2,32,1349361630.515417,134.041760,0.000000,0.000000,
2,1136,211.060346,0.000000,0.000000,2,32,1349361445.454180,211.061365,0.000000,0.000000,
1,568,0.000000,0.000000,0.000000,2,32,1349361767.557012,4.007740,0.000000,0.000000,
3,1704,105.969486,0.000000,2804.892998,2,32,1349361670.515683,106.054276,0.000000,0.000000,
1,568,0.000000,0.000000,0.000000,2,32,1349361540.469209,178.062937,0.000000,0.000000,
0,0,0.000000,0.000000,0.000000,1,16,1349361763.557383,0.000000,0.000000,0.000000,
2,1136,101.039112,0.000000,0.000000,3,48,1349361144.304488,264.100037,0.000000,6645.078927,
2,1136,250.098791,0.000000,0.000000,2,32,1349361387.417138,250.097651,0.000000,0.000000,
1,568,0.000000,0.000000,0.000000,4,64,1349361289.385807,38.015764,0.000000,13454.980248,
2,1136,172.101855,0.000000,0.000000,2,32,1349361551.469740,172.062349,0.000000,0.000000,
0,0,0.000000,0.000000,0.000000,1,16,1349361560.469743,0.000000,0.000000,0.000000,
2,1136,187.043885,0.000000,0.000000,2,32,1349361514.469665,187.041842,0.000000,0.000000,
0,0,0.000000,0.000000,0.000000,1,16,1349361765.557070,0.000000,0.000000,0.000000,
2,1136,242.101268,0.000000,0.000000,2,32,1349361398.416495,242.098257,0.000000,0.000000,
2,2641,0.000011,19460.250000,0.000000,1,438,1349361748.593002,0.000000,0.000000,0.000000,
4,2272,151.080883,0.000000,545.085568,4,64,1349360970.272860,151.080662,0.000000,545.121004,
1,568,0.000000,0.000000,0.000000,3,48,1349361331.401404,264.086663,0.000000,15016.880221,
3,1704,264.083128,0.000000,4226.283840,3,48,1349361095.304867,264.083073,0.000000,4226.144918,
1,568,0.000000,0.000000,0.000000,1,16,1349361707.531985,0.000000,0.000000,0.000000,
4,2272,107.005858,0.000000,11757.459928,4,64,1349361130.304143,80.049963,0.000000,10320.312481,
3,1704,161.045700,0.000000,6483.110085,4,64,1349360939.257032,161.068870,0.000000,6673.909950,
0,0,0.000000,0.000000,0.000000,1,16,1349361432.437510,0.000000,0.000000,0.000000,
5,2840,114.033206,0.000000,635.659712,5,80,1349361192.342254,114.031987,0.000000,635.676553,
1,568,0.000000,0.000000,0.000000,1,16,1349361686.525743,0.000000,0.000000,0.000000,
0,0,0.000000,0.000000,0.000000,1,16,1349361601.488413,0.000000,0.000000,0.000000,
1,568,0.000000,0.000000,0.000000,2,32,1349361476.453199,199.062410,0.000000,0.000000,
3,1704,264.090874,0.000000,16013.760262,3,48,1349361345.401473,264.086616,0.000000,16013.217795,
0,0,0.000000,0.000000,0.000000,1,16,1349361783.598666,0.000000,0.000000,0.000000,
0,0,0.000000,0.000000,0.000000,1,16,1349361665.515297,0.000000,0.000000,0.000000,
3,1704,264.110893,0.000000,2919.078112,3,48,1349361027.289039,264.110804,0.000000,2919.085944,
2,1136,178.062473,0.000000,0.000000,2,32,1349361539.469514,178.061895,0.000000,0.000000,
2,668,0.094439,0.000000,0.000000,1,412,1349361620.511384,0.000000,0.000000,0.000000,
2,546,0.100710,0.000000,0.000000,1,374,1349361214.585645,0.000000,0.000000,0.000000,
1,997,0.000000,0.000000,0.000000,1,455,1349361302.583334,0.000000,0.000000,0.000000,
3,1704,264.084044,0.000000,10309.379724,3,48,1349361234.370000,264.083893,0.000000,10309.158635,
1,568,0.000000,0.000000,0.000000,2,32,1349361512.469342,187.042183,0.000000,0.000000,
5,7161,0.000011,3091.360000,0.000000,1,574,1349361162.273429,0.000000,0.000000,0.000000,
14,19001,0.000007,42280.311224,0.000000,1,335,1349361220.453336,0.000000,0.000000,0.000000,
13,13650,0.000006,267254.153846,0.000844,3,920,1349361630.022077,0.137272,36219.555556,0.002854,
30,33046,0.000006,263784.982222,0.035841,3,784,1349361218.948646,1.138755,19776.888889,0.283946,
1,568,0.000000,0.000000,0.000000,1,16,1349361708.531954,0.000000,0.000000,0.000000,
1,568,0.000000,0.000000,0.000000,3,48,1349361235.369611,264.084386,0.000000,10309.210100,
2,1136,182.061337,0.000000,0.000000,2,32,1349361525.469448,182.062634,0.000000,0.000000,
3,1704,264.053779,0.000000,6316.941414,3,48,1349361135.304767,264.083963,0.000000,6321.766964,
2,1136,165.228206,0.000000,0.000000,2,32,1349361568.488072,165.043980,0.000000,0.000000,
3,1704,264.088407,0.000000,12107.007249,4,64,1349361247.370039,44.000782,0.000000,11604.202571,
4,2272,31.014077,0.000000,13633.698066,4,64,1349361297.385078,31.016219,0.000000,13632.968630,
5,2840,22.485526,0.000000,12280.660638,4,64,1349361319.385686,23.015659,0.000000,14138.586644,
3,1704,264.100690,0.000000,1262.238293,3,48,1349360918.257900,264.096379,0.000000,1262.018348,
12,6175,0.042601,261253.076389,0.290012,5,1765,1349361158.401028,1.116097,24087.600000,0.537768,
4,1960,0.100816,1.000000,1033.782827,2,1421,1349361627.089886,68.407649,5402.250000,0.000000,
4,2272,161.033007,0.000000,2506.969227,4,64,1349360997.273301,161.031982,0.000000,2506.926297,
4,2272,144.085940,0.000000,11119.842904,4,64,1349361041.289164,144.054650,0.000000,11121.620037,
4,2272,81.320870,0.000000,3720.898279,5,80,1349361188.342837,81.042782,0.000000,4052.115499,
3,444,264.101823,0.000000,11458.873757,3,48,1349361259.370250,264.103592,0.000000,11458.518471,
3,1704,264.098748,0.000000,1262.099092,3,48,1349360921.257763,264.096798,0.000000,1262.018407,
1,568,0.000000,0.000000,0.000000,2,32,1349361470.453275,201.061916,0.000000,0.000000,
0,0,0.000000,0.000000,0.000000,1,16,1349361531.469840,0.000000,0.000000,0.000000,
2,1136,112.056313,0.000000,0.000000,2,32,1349361662.515393,112.049569,0.000000,0.000000,
0,0,0.000000,0.000000,0.000000,1,16,1349361480.453271,0.000000,0.000000,0.000000,
2,1136,257.119112,0.000000,0.000000,2,32,1349361376.400888,257.113889,0.000000,0.000000,
3,1704,264.078416,0.000000,8560.033645,3,48,1349361193.342593,264.084658,0.000000,8560.142770,
3,1704,264.095275,0.000000,6482.820848,3,48,1349361140.304586,264.099462,0.000000,6483.001546,
3,1704,264.088240,0.000000,13815.091655,3,48,1349361312.385002,264.087400,0.000000,13814.634181,
3,1704,264.116845,0.000000,2119.746141,3,48,1349360964.257656,264.112735,0.000000,2119.033873,
2,1136,58.013844,0.000000,0.000000,3,48,1349361610.488016,93.037054,0.000000,306.421540,
3,1704,264.100686,0.000000,13121.738485,3,48,1349361296.385336,264.086864,0.000000,13118.345818,
1,568,0.000000,0.000000,0.000000,2,32,1349361603.487486,155.063568,0.000000,0.000000,
4,2272,45.030351,0.000000,12326.187590,4,64,1349361238.369865,45.015409,0.000000,12326.420355,
5,2140,284.082194,0.000000,34684.931402,6,96,1349360955.257839,172.047481,0.000000,14862.536530,
2,1136,433.147684,0.000000,0.000000,3,48,1349360971.273244,264.111974,0.000000,2260.076555,
0,0,0.000000,0.000000,0.000000,1,16,1349361026.289153,0.000000,0.000000,0.000000,
3,1704,264.085737,0.000000,10207.963012,3,48,1349361232.369566,264.083566,0.000000,10207.792467,
4,2272,0.034073,0.000000,28800.722496,4,64,1349361163.318374,94.027814,0.000000,11864.740002,
0,0,0.000000,0.000000,0.000000,2,32,1349361197.342593,1.000023,0.000000,0.000000,
0,0,0.000000,0.000000,0.000000,1,16,1349361510.469764,0.000000,0.000000,0.000000,
2,956,0.967614,6241.000000,0.000000,3,1607,1349361621.970818,69.886823,9540.222222,1187.753400,
3,1704,264.007762,0.000000,11014.001775,3,48,1349361253.369671,264.103637,0.000000,11034.285319,
2,2052,0.099702,0.000000,0.000000,1,642,1349361699.539687,0.000000,0.000000,0.000000,
1,498,0.000000,0.000000,0.000000,1,431,1349361688.038726,0.000000,0.000000,0.000000,
4,4488,0.000006,136716.000000,0.000000,1,418,1349361748.827640,0.000000,0.000000,0.000000,
32,38433,0.000007,167198.717773,0.000004,1,338,1349361705.664371,0.000000,0.000000,0.000000,
2448,2996082,0.000006,169912.682280,3.631732,77,34539,1349361561.135057,0.098522,11127.311520,113.455092,
15,14457,0.035049,131121.760000,0.039779,6,4641,1349361417.039580,0.091366,110292.583333,0.024258,
1,674,0.000000,0.000000,0.000000,1,799,1349361418.656979,0.000000,0.000000,0.000000,
2,1442,189.402212,0.000000,0.000000,2,140,1349360835.984940,189.403186,0.000000,0.000000,
208,247489,0.000007,119146.722980,0.023850,28,18208,1349361681.383570,0.123889,8528.132653,0.113625,
1,1168,0.000000,0.000000,0.000000,1,601,1349361689.253795,0.000000,0.000000,0.000000,
4,2272,59.246145,0.000000,10635.485471,4,64,1349361242.369925,59.015257,0.000000,10631.284127,
4,2272,44.001973,0.000000,13076.859983,4,64,1349361266.385719,44.000073,0.000000,13077.566962,
2,1136,194.076961,0.000000,0.000000,2,32,1349361497.453766,194.071730,0.000000,0.000000,
2,1136,117.070401,0.000000,0.000000,2,32,1349361655.515138,117.049609,0.000000,0.000000,
2,822,0.088893,0.000000,0.000000,1,481,1349361214.885856,0.000000,0.000000,0.000000,
3,1704,423.158338,0.000000,44765.548844,3,48,1349361017.273199,264.096151,0.000000,2757.670985,
2,1136,208.061204,0.000000,0.000000,2,32,1349361454.454168,208.061326,0.000000,0.000000,
3,1704,264.274109,0.000000,3494.107355,3,48,1349361054.289117,264.111912,0.000000,3484.471316,
2,1136,165.157214,0.000000,0.000000,3,48,1349361567.487463,163.043793,0.000000,6483.766060,
0,0,0.000000,0.000000,0.000000,1,16,1349361335.401428,0.000000,0.000000,0.000000,
0,0,0.000000,0.000000,0.000000,2,32,1349361322.385775,401.146215,0.000000,0.000000,
0,0,0.000000,0.000000,0.000000,1,16,1349361179.342859,0.000000,0.000000,0.000000,
2,1136,134.063699,0.000000,0.000000,3,48,1349361096.304678,264.083506,0.000000,4226.178319,
0,0,0.000000,0.000000,0.000000,1,16,1349361469.453401,0.000000,0.000000,0.000000,
0,0,0.000000,0.000000,0.000000,6,96,1349360866.242208,227.096987,0.000000,12024.175568,
0,0,0.000000,0.000000,0.000000,1,16,1349361236.369338,0.000000,0.000000,0.000000,
1,568,0.000000,0.000000,0.000000,5,80,1349361029.288691,87.072915,0.000000,71710.133328,
4,2272,66.040474,0.000000,4058.749750,4,64,1349361240.369408,66.018754,0.000000,4059.087360,
4,2272,146.053703,0.000000,11578.418405,4,64,1349361051.288832,146.053547,0.000000,11578.355485,
1,568,0.000000,0.000000,0.000000,1,16,1349361764.557074,0.000000,0.000000,0.000000,
0,0,0.000000,0.000000,0.000000,7,112,1349360867.241708,212.062533,0.000000,10343.186750,
0,0,0.000000,0.000000,0.000000,1,16,1349361175.342010,0.000000,0.000000,0.000000,
3,1704,264.102086,0.000000,7231.365361,3,48,1349361165.341890,264.098805,0.000000,7230.980657,
5,2840,188.047067,0.000000,11490.188129,5,80,1349360938.257809,188.046245,0.000000,11491.771695,
3,1704,0.001421,0.000000,0.000000,4,64,1349360929.257926,158.080379,0.000000,1199.294655,
3,1704,66.044193,0.000000,289.801954,3,48,1349361684.509819,66.067050,0.000000,289.763499,
0,0,0.000000,0.000000,0.000000,1,16,1349361729.531268,0.000000,0.000000,0.000000,
3,1704,264.069846,0.000000,16011.010070,3,48,1349361347.401280,264.072271,0.000000,16011.482930,
0,0,0.000000,0.000000,0.000000,2,32,1349361458.453714,70.015718,0.000000,0.000000,
1,568,0.000000,0.000000,0.000000,1,16,1349361734.531275,0.000000,0.000000,0.000000,
1,568,0.000000,0.000000,0.000000,2,32,1349361602.488251,154.062796,0.000000,0.000000,
0,0,0.000000,0.000000,0.000000,2,32,1349361394.416352,2.999960,0.000000,0.000000,
2,1136,63.011087,0.000000,0.000000,3,48,1349361229.370229,264.083983,0.000000,10107.156017,
2,1136,258.115684,0.000000,0.000000,3,48,1349361372.401474,258.114022,0.000000,8753.295562,
2,690,0.099472,0.000000,0.000000,1,458,1349361689.269552,0.000000,0.000000,0.000000,
7,3976,101.031929,0.000000,6849.455293,7,112,1349360989.273159,101.031511,0.000000,6849.428219,
0,0,0.000000,0.000000,0.000000,1,16,1349361382.401432,0.000000,0.000000,0.000000,
3,1704,378.157620,0.000000,31715.437243,5,80,1349360940.257896,146.046681,0.000000,7496.028450,
0,0,0.000000,0.000000,0.000000,5,80,1349360870.241415,226.062380,0.000000,10947.049589,
0,0,0.000000,0.000000,0.000000,9,144,1349360848.241259,41.016106,0.000000,10002.585586,
4,2272,36.999194,0.000000,12985.886114,4,64,1349361268.385688,36.999123,0.000000,12985.810822,
900,1061313,0.000007,196483.989544,0.016728,25,16146,1349361418.965185,0.136480,16543.094400,0.673966,
3,1704,153.062866,0.000000,5780.807933,3,48,1349361604.488208,153.063110,0.000000,5780.823123,
4,2272,180.047252,0.000000,6450.971251,4,64,1349360949.257403,180.047371,0.000000,6450.919676,
1,568,0.000000,0.000000,0.000000,2,32,1349361488.453722,196.056183,0.000000,0.000000,
2,1136,237.086814,0.000000,0.000000,2,32,1349361405.416724,237.098704,0.000000,0.000000,
1,908,0.000000,0.000000,0.000000,1,481,1349361689.345885,0.000000,0.000000,0.000000,
4,2272,106.070617,0.000000,11772.782083,3,48,1349361132.304762,264.083535,0.000000,6242.448463,
0,0,0.000000,0.000000,0.000000,6,96,1349360850.242137,21.999640,0.000000,10987.001003,
0,0,0.000000,0.000000,0.000000,1,16,1349361056.288696,0.000000,0.000000,0.000000,
0,0,0.000000,0.000000,0.000000,9,144,1349360852.242222,63.037739,0.000000,9303.649212,
0,0,0.000000,0.000000,0.000000,1,16,1349360966.272588,0.000000,0.000000,0.000000,
2,1136,124.963359,0.000000,0.000000,2,32,1349361641.514742,125.042430,0.000000,0.000000,
0,0,0.000000,0.000000,0.000000,1,16,1349361584.487524,0.000000,0.000000,0.000000,
2,1136,193.071687,0.000000,0.000000,2,32,1349361499.454069,193.072107,0.000000,0.000000,
2,1136,183.333007,0.000000,0.000000,2,32,1349361522.469268,184.062050,0.000000,0.000000,
3,1704,264.101331,0.000000,2654.107002,3,48,1349361000.273087,264.107134,0.000000,2654.803940,
3,1704,264.095454,0.000000,2354.591920,3,48,1349360983.273143,264.096439,0.000000,2354.649823,
89,104017,0.000008,149813.747507,851.408542,9,2661,1349361304.593377,0.012227,25949.555556,7087.067401,
2,1136,182.063269,0.000000,0.000000,2,32,1349361523.469060,182.062969,0.000000,0.000000,
2,1497,0.000021,506232.250000,0.000000,1,519,1349361620.797195,0.000000,0.000000,0.000000,
0,0,0.000000,0.000000,0.000000,1,16,1349361207.357631,0.000000,0.000000,0.000000,
7,4018,0.058674,316789.428571,0.001688,3,1488,1349361215.053600,0.104931,18114.000000,0.000026,
3,1892,0.054912,67222.222222,0.000165,3,1564,1349361215.318700,0.048439,4112.888889,0.000035,
5,2215,57.822454,0.000000,7149.755777,5,2596,1349361424.183042,57.822374,22582.160000,7149.727336,
72,82503,0.000007,99367.137153,0.225316,14,11592,1349361419.275106,0.185240,49482.142857,1.014393,
30,33897,0.000027,123350.356667,0.465419,7,5796,1349361157.982590,0.246525,33048.000000,1.689414,
4,3621,2.100338,1944.187500,15405.637640,4,4067,1349361158.845926,2.101400,1111.687500,15405.577851,
0,0,0.000000,0.000000,0.000000,1,16,1349361520.469386,0.000000,0.000000,0.000000,
4,3208,0.103132,24025.000000,0.041833,2,840,1349361692.807950,0.638191,729.000000,0.000000,
15,16592,0.000006,285469.315556,455.263250,3,1686,1349361305.306859,62.450168,1084.666667,2.233237,
2,1745,0.000014,249500.250000,0.000000,1,391,1349361159.231980,0.000000,0.000000,0.000000,
2,1136,10.000489,0.000000,0.000000,3,48,1349361349.401235,264.097420,0.000000,16141.462250,
3,1704,264.099336,0.000000,15637.876749,3,48,1349361338.401340,264.086959,0.000000,15635.860869,
0,0,0.000000,0.000000,0.000000,1,16,1349361341.400959,0.000000,0.000000,0.000000,
3,444,264.114941,0.000000,1809.204155,4,64,1349360951.257346,264.112209,0.000000,3150.205354,
3,1704,264.134023,0.000000,13951.523854,3,48,1349361314.385586,264.086889,0.000000,13932.370492,
0,0,0.000000,0.000000,0.000000,1,16,1349361577.487605,0.000000,0.000000,0.000000,
3,1704,264.120825,0.000000,17045.444086,3,48,1349361359.400446,264.113285,0.000000,17045.000958,
2,296,252.120994,0.000000,0.000000,2,32,1349361383.401328,252.114158,0.000000,0.000000,
34,10200,0.101708,0.000000,7.756898,17,20021,1349361161.542737,1.901445,17099.619377,11.641751,
1,1368,0.000000,0.000000,0.000000,1,483,1349361560.424484,0.000000,0.000000,0.000000,
2,1086,0.099516,0.000000,0.000000,1,389,1349361684.263237,0.000000,0.000000,0.000000,
2,1136,377.149532,0.000000,0.000000,4,64,1349360928.257433,194.047071,0.000000,3807.790767,
4,2272,127.022799,0.000000,1044.356321,4,64,1349361224.349876,127.031981,0.000000,1044.503478,
3,1704,263.769198,0.000000,13.557909,3,48,1349360846.241763,264.095606,0.000000,16.130195,
1,568,0.000000,0.000000,0.000000,2,32,1349361596.487789,156.055252,0.000000,0.000000,
5,2840,167.036301,0.000000,12702.874911,4,64,1349360975.273488,167.031521,0.000000,11707.056363,
0,0,0.000000,0.000000,0.000000,1,16,1349361318.385721,0.000000,0.000000,0.000000,
3,1704,264.108167,0.000000,3425.220273,3,48,1349361050.288258,264.111700,0.000000,3425.600895,
2,1136,122.043127,0.000000,0.000000,2,32,1349361647.515206,122.041807,0.000000,0.000000,
2,1136,196.068749,0.000000,0.000000,2,32,1349361489.453819,196.057677,0.000000,0.000000,
3,1704,264.123892,0.000000,1949.742673,3,48,1349360958.257562,264.112369,0.000000,1938.892217,
1,568,0.000000,0.000000,0.000000,3,48,1349361409.416975,220.102146,0.000000,10619.902696,
0,0,0.000000,0.000000,0.000000,1,16,1349361778.582416,0.000000,0.000000,0.000000,
1,568,0.000000,0.000000,0.000000,3,48,1349360957.257777,764.274823,0.000000,144885.068887,
2,1136,457.144477,0.000000,0.000000,3,48,1349360919.257938,264.096185,0.000000,1262.001425,
0,0,0.000000,0.000000,0.000000,1,16,1349361374.401443,0.000000,0.000000,0.000000,
0,0,0.000000,0.000000,0.000000,10,160,1349360854.241542,20.000465,0.000000,7279.624791,
3,1704,264.088460,0.000000,16016.970505,3,48,1349361346.400921,264.085984,0.000000,16013.065677,
1,568,0.000000,0.000000,0.000000,3,48,1349361239.369996,264.086979,0.000000,10411.325594,
1,568,0.000000,0.000000,0.000000,1,16,1349361739.531283,0.000000,0.000000,0.000000,
4,2272,186.843902,0.000000,2270.077535,4,64,1349361037.288960,187.061667,0.000000,2257.253439,
1,568,0.000000,0.000000,0.000000,1,16,1349361736.531288,0.000000,0.000000,0.000000,
0,0,0.000000,0.000000,0.000000,10,160,1349360856.242272,52.015520,0.000000,9046.123527,
0,0,0.000000,0.000000,0.000000,10,160,1349360857.242036,31.027274,0.000000,8605.106914,
0,0,0.000000,0.000000,0.000000,2,32,1349361154.319849,1.999507,0.000000,0.000000,
3,1704,264.102401,0.000000,10928.805429,3,48,1349361251.370129,264.102831,0.000000,10929.454622,
3,1704,363.113164,0.000000,10006.756135,4,64,1349361152.319760,163.045379,0.000000,4616.492558,
4,3370,0.101513,13340.250000,0.142667,2,902,1349361692.818679,0.990984,1936.000000,0.000000,
2,660,0.100829,0.000000,0.000000,1,913,1349361699.533806,0.000000,0.000000,0.000000,
2,1086,0.099351,0.000000,0.000000,1,518,1349361687.959954,0.000000,0.000000,0.000000,
14,11621,0.100048,133124.923469,0.322138,6,4667,1349361159.356556,0.405465,14015.805556,0.561552,
47,57990,0.000007,168978.524219,0.000001,1,312,1349361220.457028,0.000000,0.000000,0.000000,
3,687,0.237185,6464.666667,0.014058,2,936,1349361699.290573,0.238276,2704.000000,0.000000,
3,1704,264.098259,0.000000,12221.553569,3,48,1349361279.385515,264.101806,0.000000,12221.462162,
4,1604,0.095786,529.000000,0.012888,2,824,1349361691.686212,0.429876,361.000000,0.000000,
2,958,0.099210,0.000000,0.000000,1,721,1349361624.512366,0.000000,0.000000,0.000000,
2,1136,293.102641,0.000000,0.000000,3,48,1349361310.384829,264.086159,0.000000,13814.424628,
2,1122,0.100588,0.000000,0.000000,1,423,1349361692.609218,0.000000,0.000000,0.000000,
4,2828,0.099806,2809.000000,0.014065,2,915,1349361160.450789,0.425727,4692.250000,0.000000,
8,8362,0.104668,17498.687500,6.122062,4,2822,1349361684.239329,3.304248,12692.250000,7.781058,
3,1704,264.088115,0.000000,10007.328947,3,48,1349361225.369985,264.083977,0.000000,10006.807269,
0,0,0.000000,0.000000,0.000000,9,144,1349360855.242180,36.016076,0.000000,12558.953865,
0,0,0.000000,0.000000,0.000000,1,16,1349360914.257176,0.000000,0.000000,0.000000,
3,1704,263.796192,0.000000,4175.207544,3,48,1349361094.304685,264.082826,0.000000,4226.110293,
0,0,0.000000,0.000000,0.000000,1,16,1349361252.370252,0.000000,0.000000,0.000000,
7,3976,11.949658,0.000000,11116.023156,5,80,1349360933.257521,176.046642,0.000000,12388.607293,
2,1136,65.052687,0.000000,0.000000,3,48,1349361219.361206,264.083529,0.000000,9906.142681,
5,2840,134.137336,0.000000,11908.789365,4,64,1349361085.303845,134.056793,0.000000,11448.908499,
1,568,0.000000,0.000000,0.000000,1,16,1349361730.531950,0.000000,0.000000,0.000000,
0,0,0.000000,0.000000,0.000000,1,16,1349361221.361184,0.000000,0.000000,0.000000,
0,0,0.000000,0.000000,0.000000,1,16,1349361555.468973,0.000000,0.000000,0.000000,
3,1704,264.116969,0.000000,6811.798194,3,48,1349361149.319826,264.099957,0.000000,6810.400452,
2,1136,123.022646,0.000000,0.000000,2,32,1349361645.514989,123.041731,0.000000,0.000000,
4,2272,28.050369,0.000000,13568.745509,4,64,1349361295.385736,28.016104,0.000000,13584.987078,
2,1136,167.054385,0.000000,0.000000,3,48,1349360979.273479,264.096704,0.000000,2354.668739,
2,1136,23.010999,0.000000,0.000000,3,48,1349361320.385617,264.086400,0.000000,14528.738865,
2,1136,157.063486,0.000000,0.000000,2,32,1349361591.488072,157.058966,0.000000,0.000000,
5,2840,66.022981,0.000000,11279.652521,6,96,1349361215.343592,12.999692,0.000000,9845.337860,
3,1704,264.142799,0.000000,6649.292827,3,48,1349361145.320490,264.099734,0.000000,6646.334096,
2,1136,198.061496,0.000000,0.000000,2,32,1349361478.453146,198.062342,0.000000,0.000000,
4,2272,0.041471,0.000000,8364.263589,2,32,1349361496.454070,194.071463,0.000000,0.000000,
4,2272,136.068470,0.000000,489.526684,4,64,1349361083.288969,136.072402,0.000000,489.382751,
2,1136,213.043008,0.000000,0.000000,2,32,1349361442.437672,213.077567,0.000000,0.000000,
2,1136,117.024190,0.000000,0.000000,2,32,1349361653.515181,117.050482,0.000000,0.000000,
4,2272,167.038076,0.000000,11894.702555,3,48,1349360978.273208,264.096491,0.000000,2354.632539,
2,1136,180.012170,0.000000,0.000000,2,32,1349361529.469515,180.061840,0.000000,0.000000,
1,568,0.000000,0.000000,0.000000,1,16,1349361760.552204,0.000000,0.000000,0.000000,
3,1704,264.101151,0.000000,12001.737329,3,48,1349361272.385073,264.101893,0.000000,12001.356068,
3,1704,264.103135,0.000000,11459.349233,3,48,1349361260.370030,264.103175,0.000000,11458.448109,
2,1136,167.031717,0.000000,0.000000,3,48,1349360982.272992,264.096928,0.000000,2354.675414,
3,1704,264.101447,0.000000,12110.864504,3,48,1349361276.384970,264.101905,0.000000,12111.130059,
2,1136,1.992241,0.000000,0.000000,2,32,1349361753.542364,2.008384,0.000000,0.000000,
3,1704,165.078852,0.000000,3161.229756,3,48,1349361565.488090,165.043966,0.000000,3190.955386,
3,1704,149.046911,0.000000,5553.649794,3,48,1349361045.288864,264.111043,0.000000,3309.536181,
2,1136,183.047615,0.000000,0.000000,4,64,1349360941.257550,183.046738,0.000000,11907.531825,
0,0,0.000000,0.000000,0.000000,3,48,1349361774.564866,5.029116,0.000000,2.286328,
2,1136,185.041566,0.000000,0.000000,2,32,1349361517.469778,185.041778,0.000000,0.000000,
2,1136,262.113360,0.000000,0.000000,2,32,1349361366.400410,262.114356,0.000000,0.000000,
0,0,0.000000,0.000000,0.000000,1,16,1349361294.385788,0.000000,0.000000,0.000000,
2,1136,196.064282,0.000000,0.000000,2,32,1349361483.453654,196.061464,0.000000,0.000000,
0,0,0.000000,0.000000,0.000000,2,32,1349361147.320420,516.194931,0.000000,0.000000,
2,1136,135.065381,0.000000,0.000000,3,48,1349361090.304610,264.083829,0.000000,4161.433975,
3,1704,264.096295,0.000000,3661.898035,3,48,1349361064.288708,264.095592,0.000000,3661.857479,
3,1704,264.097431,0.000000,2705.728351,3,48,1349361007.273394,264.095863,0.000000,2705.421988,
0,0,0.000000,0.000000,0.000000,1,16,1349361420.427791,0.000000,0.000000,0.000000,
0,0,0.000000,0.000000,0.000000,2,32,1349361183.342612,467.172490,0.000000,0.000000,
0,0,0.000000,0.000000,0.000000,2,32,1349361288.385023,82.016060,0.000000,0.000000,
3,1704,263.999349,0.000000,3847.446253,3,48,1349361074.288832,264.094749,0.000000,3845.555544,
1,568,0.000000,0.000000,0.000000,1,16,1349361692.526087,0.000000,0.000000,0.000000,
3,1704,263.924044,0.000000,1378.774108,3,48,1349360930.257889,264.096321,0.000000,1370.829402,
2,1136,424.989865,0.000000,0.000000,3,48,1349361001.273462,264.104276,0.000000,2654.534463,
4,2272,153.070846,0.000000,3287.540239,4,64,1349361097.304701,153.061466,0.000000,3287.990804,
2,1136,363.400507,0.000000,0.000000,3,48,1349361153.319457,264.099385,0.000000,6810.250938,
0,0,0.000000,0.000000,0.000000,1,16,1349361742.531958,0.000000,0.000000,0.000000,
0,0,0.000000,0.000000,0.000000,1,16,1349361177.342400,0.000000,0.000000,0.000000,
0,0,0.000000,0.000000,0.000000,1,16,1349361754.551257,0.000000,0.000000,0.000000,
2,1136,180.789133,0.000000,0.000000,3,48,1349360950.257101,264.112157,0.000000,1724.944410,
4,2272,101.203034,0.000000,11654.581584,4,64,1349361139.304802,101.065437,0.000000,11676.643358,
2,1136,196.074236,0.000000,0.000000,2,32,1349361487.453124,196.056923,0.000000,0.000000,
0,0,0.000000,0.000000,0.000000,1,16,1349361557.469690,0.000000,0.000000,0.000000,
1,568,0.000000,0.000000,0.000000,1,16,1349361743.532080,0.000000,0.000000,0.000000,
3,1704,264.090340,0.000000,1158.263662,4,64,1349360908.257920,196.047620,0.000000,12129.375539,
3,1704,153.931698,0.000000,5693.413802,3,48,1349361592.488096,154.058723,0.000000,5704.670779,
4,2272,49.813932,0.000000,9122.504335,4,64,1349361262.370133,50.014966,0.000000,9133.279295,
2,1136,157.593048,0.000000,0.000000,2,32,1349361593.488068,157.044737,0.000000,0.000000,
0,0,0.000000,0.000000,0.000000,1,16,1349361642.515326,0.000000,0.000000,0.000000,
0,0,0.000000,0.000000,0.000000,1,16,1349361697.525611,0.000000,0.000000,0.000000,
2,1136,165.109355,0.000000,0.000000,2,32,1349361563.472050,165.059305,0.000000,0.000000,
0,0,0.000000,0.000000,0.000000,1,16,1349361444.438358,0.000000,0.000000,0.000000,
1,568,0.000000,0.000000,0.000000,1,16,1349361768.556623,0.000000,0.000000,0.000000,
2,1136,127.062551,0.000000,0.000000,3,48,1349361502.453379,127.061779,0.000000,931.795310,
3,1704,264.096937,0.000000,2810.418477,3,48,1349361022.273011,264.095834,0.000000,2810.389571,
2,1136,157.010781,0.000000,0.000000,2,32,1349361597.488229,157.063119,0.000000,0.000000,
4,2272,102.016626,0.000000,2285.352611,4,64,1349361271.384822,102.015847,0.000000,2285.355601,
4,2272,93.040855,0.000000,11611.044945,4,64,1349361169.342055,93.028177,0.000000,11613.637296,
1,568,0.000000,0.000000,0.000000,2,32,1349361685.511410,98.087357,0.000000,0.000000,
2,1136,169.139567,0.000000,0.000000,2,32,1349361556.469392,169.061984,0.000000,0.000000,
3,1704,264.084794,0.000000,14650.047843,3,48,1349361323.385748,264.086527,0.000000,14649.556201,
2,1136,64.034951,0.000000,0.000000,3,48,1349361227.370183,264.083348,0.000000,10006.782561,
3,1704,424.260331,0.000000,41683.926611,5,80,1349361006.273551,160.068358,0.000000,4536.616187,
2,1136,238.122391,0.000000,0.000000,3,48,1349361403.416758,237.098270,0.000000,13935.620980,
3,1704,264.212724,0.000000,12379.909241,3,48,1349361284.385425,264.086648,0.000000,12328.831867,
4,2272,21.073263,0.000000,5219.432830,4,64,1349361513.469546,20.996438,0.000000,5231.400526,
2,1136,193.088894,0.000000,0.000000,2,32,1349361501.454007,193.072017,0.000000,0.000000,
3,1704,130.031873,0.000000,650.162918,3,48,1349361451.453566,130.033797,0.000000,650.400894,
2,1136,42.991054,0.000000,0.000000,3,48,1349361280.385286,264.102150,0.000000,12221.478161,
7,3696,130.988884,9600.000000,23141.262913,6,96,1349360923.257915,159.068487,0.000000,7244.046524,
4,2272,173.042183,0.000000,11712.213633,4,64,1349360959.257530,173.047372,0.000000,11709.832863,
3,1704,170.036731,0.000000,7151.141208,3,48,1349361553.469784,170.062451,0.000000,7145.539764,
4,2272,166.148498,0.000000,11883.130063,3,48,1349360987.273453,264.096604,0.000000,2403.475344,
0,0,0.000000,0.000000,0.000000,1,16,1349361728.531256,0.000000,0.000000,0.000000,
0,0,0.000000,0.000000,0.000000,1,16,1349361160.330167,0.000000,0.000000,0.000000,
5,2840,196.072678,0.000000,9434.292168,4,64,1349361075.288802,196.061477,0.000000,2573.023180,
2,1136,32.012218,0.000000,0.000000,3,48,1349361303.385086,264.086407,0.000000,13464.116929,
3,1704,264.096360,0.000000,4096.675550,3,48,1349361084.288991,264.093721,0.000000,4097.424303,
2,1136,414.733046,0.000000,0.000000,3,48,1349361040.288875,264.111367,0.000000,3252.269319,
0,0,0.000000,0.000000,0.000000,10,160,1349360853.241771,19.000021,0.000000,10706.872862,
1,568,0.000000,0.000000,0.000000,2,32,1349361464.454022,203.061397,0.000000,0.000000,
2,1136,195.077123,0.000000,0.000000,2,32,1349361494.453472,195.072710,0.000000,0.000000,
2,1416,0.101512,0.000000,0.000000,1,438,1349361699.321452,0.000000,0.000000,0.000000,
4,4633,0.000855,54597.187500,0.000280,2,768,1349361417.832335,0.033335,324.000000,0.000000,
2,1026,0.101713,0.000000,0.000000,1,432,1349361418.123537,0.000000,0.000000,0.000000,
0,0,0.000000,0.000000,0.000000,1,16,1349361308.384773,0.000000,0.000000,0.000000,
232,71316,5.035610,325.291023,2.153071,0,0,0.000000,0.000000,0.000000,0.000000,
1,301,0.000000,0.000000,0.000000,6,1800,1349360811.760080,8.747368,0.000000,69243.296015,
4,64,105.015867,0.000000,7447.936299,4,2272,1349360973.396171,105.015451,0.000000,7447.522620,
12,144,61.029762,0.000000,155.846834,0,0,0.000000,0.000000,0.000000,0.000000,
13,260,0.007733,0.000000,61815.425109,0,0,0.000000,0.000000,0.000000,0.000000,
1,16,0.000000,0.000000,0.000000,0,0,0.000000,0.000000,0.000000,0.000000,
1,16,0.000000,0.000000,0.000000,0,0,0.000000,0.000000,0.000000,0.000000,
1,16,0.000000,0.000000,0.000000,0,0,0.000000,0.000000,0.000000,0.000000,
5,80,16.000196,0.000000,93347.880445,0,0,0.000000,0.000000,0.000000,0.000000,
5,2465,1.500194,774.800000,677.780537,10,4220,1349361623.865270,0.101442,8429.200000,364.058413,
3,3520,263.510373,42923.555556,0.277595,3,1966,1349361154.521666,263.509732,25338.888889,0.277468,
5,4708,262.474694,281519.040000,17289.833956,6,5878,1349361154.491705,0.100915,48366.222222,16574.141429,
2,2639,0.000205,19740.250000,0.000000,1,1369,1349361745.346475,0.000000,0.000000,0.000000,
2,32,198.061438,0.000000,0.000000,2,1136,1349361479.505922,198.062147,0.000000,0.000000,
7,5168,0.716890,56967.918367,34.459411,19,14110,1349361680.609060,0.100473,308351.074792,13.546177,
4,2673,12.255716,89340.687500,15159.258120,7,4230,1349361417.885428,0.099961,108267.918367,9737.896454,
4,64,189.058327,0.000000,3625.294997,4,2272,1349360893.405117,189.058355,0.000000,3625.277887,
2,32,210.061724,0.000000,0.000000,2,1136,1349361447.533383,210.068468,0.000000,0.000000,
4,64,196.046852,0.000000,12028.987088,4,2272,1349360906.360301,196.051801,0.000000,12035.284311,
4,64,196.046173,0.000000,9313.614075,4,2272,1349360875.416911,196.051333,0.000000,9317.387900,
3,48,264.096439,0.000000,2354.643749,3,1704,1349360981.464739,264.078063,0.000000,2353.948389,
3,48,264.083120,0.000000,2653.606156,3,1704,1349360999.519331,264.253876,0.000000,2661.657329,
2,32,179.062546,0.000000,0.000000,2,1136,1349361535.626463,179.063484,0.000000,0.000000,
2,32,163.043124,0.000000,0.000000,2,1136,1349361572.771427,162.908979,0.000000,0.000000,
1,16,0.000000,0.000000,0.000000,1,568,1349361688.686021,0.000000,0.000000,0.000000,
3,48,474.172008,0.000000,32964.373299,2,1136,1349361664.837698,111.042285,0.000000,0.000000,
1,16,0.000000,0.000000,0.000000,0,0,0.000000,0.000000,0.000000,0.000000,
1,16,0.000000,0.000000,0.000000,1,568,1349361747.699419,0.000000,0.000000,0.000000,
4,64,182.046949,0.000000,11498.067629,3,1704,1349360935.438190,446.140586,0.000000,48205.083894,
3,48,264.102402,0.000000,12111.203106,3,1704,1349361274.624608,264.062608,0.000000,12107.262530,
3,48,264.099906,0.000000,7058.969299,3,1704,1349361158.500306,360.167205,0.000000,32428.399441,
2,32,202.061706,0.000000,0.000000,2,1136,1349361468.663257,202.059312,0.000000,0.000000,
2,32,202.061803,0.000000,0.000000,2,1136,1349361466.710909,202.086115,0.000000,0.000000,
3,48,264.096273,0.000000,2757.658703,3,1704,1349361016.423623,264.096097,0.000000,2757.906207,
3,48,264.087095,0.000000,14649.673967,4,2272,1349361324.575158,22.019734,0.000000,14311.624069,
2,32,207.060729,0.000000,0.000000,2,1136,1349361457.729750,207.049374,0.000000,0.000000,
1,16,0.000000,0.000000,0.000000,0,0,0.000000,0.000000,0.000000,0.000000,
1,16,0.000000,0.000000,0.000000,0,0,0.000000,0.000000,0.000000,0.000000,
5,80,160.046839,0.000000,12232.012022,4,2272,1349360984.388416,166.087425,0.000000,11784.572913,
3,48,264.100226,0.000000,6810.419301,2,1136,1349361152.080684,363.301318,0.000000,0.000000,
2,32,165.058941,0.000000,0.000000,2,1136,1349361564.964248,165.114584,0.000000,0.000000,
3,48,264.068997,0.000000,10409.457806,3,1704,1349361237.580339,264.058389,0.000000,10410.114861,
1,16,0.000000,0.000000,0.000000,0,0,0.000000,0.000000,0.000000,0.000000,
2,32,262.098475,0.000000,0.000000,1,568,1349361365.897484,0.000000,0.000000,0.000000,
1,16,0.000000,0.000000,0.000000,1,568,1349361746.806314,0.000000,0.000000,0.000000,
2,870,1.351903,256.000000,0.000000,2,1711,1349361689.000246,1.353517,129960.250000,0.000000,
37,29438,0.919319,45689.262235,140.213724,70,64495,1349361562.182225,0.100128,207920.486735,83.493674,
1,16,0.000000,0.000000,0.000000,0,0,0.000000,0.000000,0.000000,0.000000,
1,588,0.000000,0.000000,0.000000,3,3375,1349361698.658091,0.000012,57100.666667,0.000000,
1,1192,0.000000,0.000000,0.000000,5,6071,1349361683.619711,0.000007,241670.560000,0.000000,
2,975,0.277202,702.250000,0.000000,9,9336,1349361423.907870,0.000006,156817.777778,0.008360,
3,1254,0.019944,18.666667,0.000073,8,9339,1349361681.928957,0.000011,97353.734375,0.000037,
3,1620,56.064009,1442.000000,761.737720,6,3030,1349361630.630213,0.103957,45000.000000,496.653915,
9,3907,0.109013,320.320988,0.200772,21,17931,1349361699.896199,0.000642,332478.693878,0.096397,
2,1022,324.014300,4.000000,0.000000,10,12190,1349361305.877396,0.000005,132531.400000,10362.582113,
2,1104,0.455146,256.000000,0.000000,23,28274,1349361630.268575,0.000007,100625.255198,0.005772,
1,752,0.000000,0.000000,0.000000,5,6071,1349361425.029937,0.000005,99686.560000,0.000000,
1,552,0.000000,0.000000,0.000000,12,14022,1349361160.410520,0.000033,129345.416667,0.000001,
1,889,0.000000,0.000000,0.000000,6,6969,1349361700.159043,0.000006,240268.583333,0.000000,
1,1140,0.000000,0.000000,0.000000,1,230,1349361162.833506,0.000000,0.000000,0.000000,
1,430,0.000000,0.000000,0.000000,2,438,1349361692.129181,0.100496,0.000000,0.000000,
3,1540,1.240725,220.222222,0.149595,76,95431,1349361160.954447,0.000007,92342.273373,0.023203,
21,7723,0.105494,4309.609977,0.535051,439,520139,1349361215.545164,0.000007,188845.227432,0.025796,
1,710,0.000000,0.000000,0.000000,2,1572,1349361565.781026,0.104021,0.000000,0.000000,
1,524,0.000000,0.000000,0.000000,4,4696,1349361426.382793,0.000006,245388.000000,0.000000,
1,408,0.000000,0.000000,0.000000,96,119681,1349361748.348539,0.000007,164341.676975,0.000064,
1,780,0.000000,0.000000,0.000000,2,1856,1349361159.814082,0.100692,0.000000,0.000000,
8,128,17.999994,0.000000,12869.885108,0,0,0.000000,0.000000,0.000000,0.000000,
1,1103,0.000000,0.000000,0.000000,2,1032,1349361161.777510,0.103339,0.000000,0.000000,
3,2074,62.547440,27874.888889,893.870288,3,2369,1349361631.543894,62.493472,22982.888889,892.276722,
7,112,28.000160,0.000000,39717.444567,0,0,0.000000,0.000000,0.000000,0.000000,
2,1014,0.673490,3844.000000,0.000000,4,2916,1349361688.166021,0.105543,24336.000000,0.047904,
3,1347,0.231989,2234.000000,0.001659,8,8384,1349361155.349364,0.016089,182158.750000,0.005150,
3,2432,0.603847,266112.888889,0.085241,5,5595,1349361699.148403,0.000018,174175.200000,0.089219,
2,32,195.072368,0.000000,0.000000,1,568,1349361492.649115,0.000000,0.000000,0.000000,
2,870,475.405777,1296.000000,0.000000,4,3617,1349361156.002691,0.123001,109486.687500,50165.746377,
9,4106,0.237955,430.617284,33.861186,42,48367,1349361682.108275,0.000007,161389.859977,7.451558,
1,587,0.000000,0.000000,0.000000,1,221,1349361695.517524,0.000000,0.000000,0.000000,
1,526,0.000000,0.000000,0.000000,2,1078,1349361696.639185,0.100488,0.000000,0.000000,
1,536,0.000000,0.000000,0.000000,2,976,1349361695.433315,0.117947,0.000000,0.000000,
2,922,0.526624,1444.000000,0.000000,4,2112,1349361693.979804,0.107604,13225.000000,0.021960,
1,561,0.000000,0.000000,0.000000,2,860,1349361695.104251,0.101234,0.000000,0.000000,
1,528,0.000000,0.000000,0.000000,2,664,1349361697.058473,0.101198,0.000000,0.000000,
2,1222,1.403796,9801.000000,0.000000,4,4386,1349361692.615294,0.101932,4290.250000,0.319736,
33,28472,0.778581,206166.773186,1435.524066,52,15736,1349361305.526079,0.101010,50781.005917,934.767202,
1,393,0.000000,0.000000,0.000000,3,2864,1349361160.448016,0.000034,185304.888889,0.000000,
6,5387,0.047664,186272.138889,0.187955,18,17209,1349361161.776885,0.000037,275765.052469,0.062777,
1,763,0.000000,0.000000,0.000000,2,416,1349361697.960167,0.101029,0.000000,0.000000,
3,48,264.112112,0.000000,1766.730808,2,1136,1349360954.798758,443.702015,0.000000,0.000000,
1,383,0.000000,0.000000,0.000000,2,1236,1349361155.099047,0.033672,0.000000,0.000000,
5,80,143.069661,0.000000,11415.553666,4,2272,1349361062.339533,143.060919,0.000000,10786.976803,
1,16,0.000000,0.000000,0.000000,0,0,0.000000,0.000000,0.000000,0.000000,
3,48,264.095081,0.000000,3783.824121,3,1704,1349361069.447859,264.095166,0.000000,3786.683420,
1,16,0.000000,0.000000,0.000000,0,0,0.000000,0.000000,0.000000,0.000000,
3,2849,123.455843,434420.222222,3810.264869,4,3112,1349361624.392327,0.000020,468568.500000,3383.996224,
10,11328,0.013506,142687.360000,1484.494122,9,7646,1349361622.121406,0.100662,244219.358025,1640.086882,
4,2180,1.234588,2074.500000,5.416233,8,5168,1349361689.153145,0.101732,873.000000,3.682192,
2,32,193.056638,0.000000,0.000000,1,568,1349361505.529337,0.000000,0.000000,0.000000,
2,885,6.978420,1122.250000,0.000000,2,724,1349361687.727992,6.981426,1369.000000,0.000000,
2,1072,1.727304,12996.000000,0.000000,4,2900,1349361684.227791,0.100403,10816.000000,0.519911,
1,1382,0.000000,0.000000,0.000000,1,211,1349361561.117648,0.000000,0.000000,0.000000,
5,6275,0.028964,48714.800000,0.042973,5,6121,1349361560.593520,0.000021,196399.360000,0.040562,
2,32,4.020321,0.000000,0.000000,0,0,0.000000,0.000000,0.000000,0.000000,
5,80,18.998433,0.000000,11638.377823,3,1704,1349361325.547389,286.087769,0.000000,20461.548464,
3,48,264.084121,0.000000,9906.184066,3,1704,1349361220.492804,264.083980,0.000000,9906.560613,
5,80,29.015006,0.000000,2709.349030,4,2272,1349361589.010601,2.175873,0.000000,3569.011977,
1,16,0.000000,0.000000,0.000000,1,568,1349361772.773412,0.000000,0.000000,0.000000,
3,48,264.094067,0.000000,6086.306296,3,1704,1349361128.519076,264.098155,0.000000,6086.541758,
6,96,38.027145,0.000000,29981.232764,0,0,0.000000,0.000000,0.000000,0.000000,
4,64,210.062000,0.000000,10442.698549,0,0,0.000000,0.000000,0.000000,0.000000,
3,399,3.011075,0.000000,0.000031,0,0,0.000000,0.000000,0.000000,0.000000,
1,300,0.000000,0.000000,0.000000,0,0,0.000000,0.000000,0.000000,0.000000,
23,1301,0.750135,948.245747,3673.608804,0,0,0.000000,0.000000,0.000000,0.000000,
6,798,3.000182,0.000000,0.000031,0,0,0.000000,0.000000,0.000000,0.000000,
4,1200,229.146284,0.000000,5192.531720,0,0,0.000000,0.000000,0.000000,0.000000,
2,408,344.027979,9.000000,0.000000,0,0,0.000000,0.000000,0.000000,0.000000,
54,25875,0.000275,899.472222,6871.512551,0,0,0.000000,0.000000,0.000000,0.000000,
